{"cameraMode":{"drawMode":0,"name":"Shaded","section":"Shading Mode"},"sceneLighting":true,"audioPlay":false,"sceneViewState":{"showFog":true,"showMaterialUpdate":false,"showSkybox":true,"showFlares":true,"showImageEffects":true,"showParticleSystems":true,"showVisualEffectGraphs":true,"m_FxEnabled":true},"in2DMode":false,"pivot":{"x":0.28335869312286379,"y":1.7869795560836793,"z":0.6552442908287048},"rotation":{"x":0.3288945257663727,"y":-0.06650248169898987,"z":0.023225529119372369,"w":0.9417365789413452},"size":1.7175359725952149,"orthographic":false}