{"cameraMode":{"drawMode":0,"name":"Shaded","section":"Shading Mode"},"sceneLighting":false,"audioPlay":false,"sceneViewState":{"showFog":true,"showMaterialUpdate":false,"showSkybox":false,"showFlares":true,"showImageEffects":true,"showParticleSystems":true,"showVisualEffectGraphs":true,"m_FxEnabled":true},"in2DMode":false,"pivot":{"x":-0.0671556293964386,"y":0.6559923887252808,"z":-0.01105034351348877},"rotation":{"x":0.391238272190094,"y":0.009662753902375698,"z":-0.004108159337192774,"w":0.9202296733856201},"size":0.8360154032707214,"orthographic":false}