{"cameraMode":{"drawMode":0,"name":"Shaded","section":"Shading Mode"},"sceneLighting":false,"audioPlay":false,"sceneViewState":{"showFog":true,"showMaterialUpdate":false,"showSkybox":false,"showFlares":true,"showImageEffects":true,"showParticleSystems":true,"showVisualEffectGraphs":true,"m_FxEnabled":true},"in2DMode":false,"pivot":{"x":9.471552848815918,"y":-0.11101999878883362,"z":-0.4923030734062195},"rotation":{"x":0.26670143008232119,"y":-0.014455870725214482,"z":0.004000797867774963,"w":0.9636632204055786},"size":1.3559584617614747,"orthographic":false}