{"cameraMode":{"drawMode":0,"name":"Shaded","section":"Shading Mode"},"sceneLighting":false,"audioPlay":false,"sceneViewState":{"showFog":true,"showMaterialUpdate":false,"showSkybox":false,"showFlares":true,"showImageEffects":true,"showParticleSystems":true,"showVisualEffectGraphs":true,"m_FxEnabled":true},"in2DMode":false,"pivot":{"x":0.08400559425354004,"y":0.2850459814071655,"z":-0.00959324836730957},"rotation":{"x":-0.023064346984028817,"y":0.42616117000579836,"z":0.010869478806853295,"w":0.9042884707450867},"size":0.9393090009689331,"orthographic":false}